note/asciidoc/admonitions,note/asciidoc/writing/admonitions
note/asciidoc/attribute-reference,note/asciidoc/concepts/attribute-reference
note/asciidoc/attributes,note/asciidoc/concepts/attributes
note/asciidoc/badge,note/asciidoc/output/badge
note/asciidoc/blocks,note/asciidoc/concepts/blocks
note/asciidoc/books,note/asciidoc/writing/books
note/asciidoc/callouts,note/asciidoc/writing/callouts
note/asciidoc/config,note/asciidoc/concepts/config
note/asciidoc/css,note/asciidoc/output/css
note/asciidoc/document,note/asciidoc/writing/writing
note/asciidoc/document-structure,note/asciidoc/concepts/document-structure
note/asciidoc/icons,note/asciidoc/output/icons
note/asciidoc/links,note/asciidoc/writing/links
note/asciidoc/macros,note/asciidoc/concepts/macros
note/asciidoc/pictures,note/asciidoc/writing/images
note/asciidoc/plantuml,note/asciidoc/diagrams/plantuml
note/asciidoc/quotes,note/asciidoc/writing/quotes
note/asciidoc/syntax-highlighting,note/asciidoc/output/syntax-highlighting
note/asciidoc/tables,note/asciidoc/writing/tables
note/asciidoc/titles,note/asciidoc/writing/titles
note/asciidoc/toc,note/asciidoc/output/toc
note/asciidoc/uml,note/asciidoc/diagrams/uml

